PlayerID,shooterName,Correlation,TotalShots,TeamAbbrev_x
8477492,Nathan MacKinnon,0.2500534918872398,289,COL
8479318,Auston Matthews,0.5388115693690916,289,TOR
8477956,David Pastrnak,0.2094298424415841,288,BOS
8480801,Brady Tkachuk,0.27335382040302536,259,OTT
8477939,William Nylander,0.34934498739263825,237,TOR
8476453,Nikita Kucherov,0.3375059794299194,234,TBL
8475166,John Tavares,0.41334983454880087,225,TOR
8478550,Artemi Panarin,0.38833292955729304,225,NYR
8471214,Alex Ovechkin,0.3532098837107505,214,WSH
8476887,Filip Forsberg,0.1915195057462492,209,NSH
8471675,Sidney Crosby,0.11275948878927117,207,PIT
8480015,Owen Tippett,0.13282287719265565,200,PHI
8481540,Cole Caufield,0.26857966468615274,199,MTL
8475172,Nazem Kadri,0.312608036316878,197,CGY
8475184,Chris Kreider,0.3392347010597889,196,NYR
8477404,Jake Guentzel,0.2178974111088884,192,PIT
8477404,Jake Guentzel,0.2178974111088884,192,CAR
8478403,Jack Eichel,0.5318477092258428,191,VGK
8479420,Tage Thompson,0.3300725492785305,189,BUF
8479314,Matthew Tkachuk,0.17660421737414597,189,FLA
8478420,Mikko Rantanen,0.40460980670073365,180,COL
8478366,Frank Vatrano,0.2997525528927879,178,ANA
8482109,Alexis Lafrenière,0.44381832347820266,175,NYR
8479337,Alex DeBrincat,0.01839070367030772,175,DET
8477960,Adrian Kempe,0.2088118904750711,175,LAK
8475754,Brock Nelson,0.3699972839634244,174,NYI
8475786,Zach Hyman,0.4770401877426191,173,EDM
8482175,JJ Peterka,0.4192932910377043,172,BUF
8478864,Kirill Kaprizov,0.2803680292049101,172,MIN
8478402,Connor McDavid,0.12624880550122902,171,EDM
8478010,Brayden Point,0.19580457545538588,170,TBL
8474600,Roman Josi,0.19627025393221553,170,NSH
8480839,Rasmus Dahlin,0.20128602713862187,169,BUF
8479675,Trevor Moore,0.27842418789418666,169,LAK
8476459,Mika Zibanejad,0.26785746550612677,167,NYR
8478493,Joel Eriksson Ek,0.33639199616759813,165,MIN
8480039,Martin Necas,0.2998112033690447,165,CAR
8479385,Jordan Kyrou,0.23302182479359992,164,STL
8479407,Jesper Bratt,0.3586399494679493,163,NJD
8478439,Travis Konecny,-0.035673862061587056,161,PHI
8476389,Vincent Trocheck,0.2546328678654182,161,NYR
8474578,Erik Karlsson,0.27361688035649506,160,PIT
8477942,Kevin Fiala,0.03180460682794183,160,LAK
8481557,Matt Boldy,0.3308267505852111,160,MIN
8482740,Wyatt Johnston,0.3154154462318365,159,DAL
8480027,Jason Robertson,0.26291187423156726,159,DAL
8478445,Mathew Barzal,0.327876061841536,158,NYI
8477933,Sam Reinhart,0.13300039315640153,157,FLA
8471215,Evgeni Malkin,0.15586129824560543,157,PIT
8481559,Jack Hughes,0.5716982048827813,157,NJD
8477409,Carter Verhaeghe,0.048028907155836825,157,FLA
8475151,Kyle Palmieri,0.3582567770804232,156,NYI
8477946,Dylan Larkin,0.23026518379513808,155,DET
8477500,Bo Horvat,0.18583155777935362,154,NYI
8475810,Bryan Rust,0.40809083623757136,151,PIT
8474150,Mikael Backlund,0.2477940984799301,151,CGY
8481528,Dylan Cozens,0.2893675695684767,150,BUF
8473419,Brad Marchand,0.26074761179071115,150,BOS
8476399,Blake Coleman,0.16130455511031197,149,CGY
8480069,Cale Makar,0.29694869170242466,149,COL
8477346,MacKenzie Weegar,0.3811137571021736,148,CGY
8478460,Zach Werenski,0.22783558086710695,148,CBJ
8477949,Alex Tuch,0.14277542281591452,146,BUF
8477940,Nikolaj Ehlers,0.27118057598956724,145,WPG
8478444,Brock Boeser,0.2739317834418296,145,VAN
8480188,Fabian Zetterlund,0.0681334451227443,144,SJS
8477955,Jared McCann,0.521788266566355,143,SEA
8478414,Timo Meier,0.2133309943737057,142,NJD
8478427,Sebastian Aho,0.008261997272053165,141,CAR
8478398,Kyle Connor,0.21979349113192906,140,WPG
8484144,Connor Bedard,0.221949639214352,139,CHI
8476853,Morgan Rielly,0.33179672617502354,139,TOR
8479542,Brandon Hagel,0.4134806269863901,138,TBL
8478440,Dylan Strome,0.33793612375651605,138,WSH
8479345,Jakob Chychrun,0.11396489320408046,137,OTT
8471724,Kris Letang,0.22228006852845164,136,PIT
8480012,Elias Pettersson,0.13150834412377577,133,VAN
8482116,Tim Stützle,0.21218678028564494,133,OTT
8477402,Pavel Buchnevich,0.20108492148673685,133,STL
8473512,Claude Giroux,0.22172340469994556,132,OTT
8478449,Roope Hintz,0.21434647870329337,132,DAL
8475169,Evander Kane,0.0715660053495591,132,EDM
8474590,John Carlson,0.19538594330117215,132,WSH
8480800,Quinn Hughes,0.5470937272831198,131,VAN
8476468,J.T. Miller,0.3460350384449209,131,VAN
8477934,Leon Draisaitl,-0.09898757604737089,131,EDM
8482093,Seth Jarvis,0.23560425755726933,131,CAR
8478856,Conor Garland,0.09803921568627452,130,VAN
8475167,Victor Hedman,0.09617561617584333,130,TBL
8478542,Evan Rodrigues,0.27998299588788983,130,FLA
8477416,Oliver Bjorkstrand,0.16029297948703858,130,SEA
8481068,Yegor Sharangovich,0.2384203362129891,129,CGY
8474189,Lars Eller,0.13390864820544823,128,PIT
8475314,Anders Lee,0.31019922491935786,128,NYI
8480803,Evan Bouchard,0.022537446792760433,128,EDM
8480208,Drake Batherson,0.11060607344525618,126,OTT
8482078,Lucas Raymond,0.18089800808152348,126,DET
8473994,Jamie Benn,0.3972051723038786,125,DAL
8480036,Miro Heiskanen,0.4586056533785819,125,DAL
8476432,Boone Jenner,0.40160156772706757,125,CBJ
8470613,Brent Burns,0.2586017131056703,124,CAR
8477493,Aleksander Barkov,0.08416341061422956,124,FLA
8480893,Kirill Marchenko,0.2470171375627894,123,CBJ
8477935,Sam Bennett,0.3590109871423002,123,FLA
8475191,Reilly Smith,0.22811087146278272,123,PIT
8478396,Noah Hanifin,-0.055087550569718306,121,CGY
8478396,Noah Hanifin,-0.055087550569718306,121,VGK
8478038,Devon Toews,0.339048600706923,120,COL
8476461,Sean Couturier,0.18890047909801663,120,PHI
8477504,Josh Morrissey,0.21067524290009612,120,WPG
8476483,Rickard Rakell,0.13718973258692774,120,PIT
8478047,Michael Bunting,0.11939406591304179,119,CAR
8478047,Michael Bunting,0.11939406591304179,119,PIT
8476479,Phillip Danault,0.21907989866484875,117,LAK
8478483,Mitch Marner,0.07759716528506377,117,TOR
8476880,Tom Wilson,0.14586868190007846,117,WSH
8478873,Troy Terry,0.16082948491121005,115,ANA
8482113,Anton Lundell,0.16068664461505014,115,FLA
8475692,Mats Zuccarello,0.04017185117076536,114,MIN
8476448,William Karlsson,0.30051610270256585,114,VGK
8476454,Ryan Nugent-Hopkins,0.3806894029522837,114,EDM
8478975,Mason Marchment,-0.021594999440304664,114,DAL
8477426,Nick Paul,0.17172905649128448,113,TBL
8482159,Tyson Foerster,0.2641914647522664,113,PHI
8482105,Jake Sanderson,0.22205369232852787,113,OTT
8477425,Miles Wood,0.455217759978022,113,COL
8480002,Nico Hischier,0.3310477222303717,112,NJD
8480865,Noah Dobson,0.33486759380439174,112,NYI
8476872,Scott Laughton,0.1488997754398599,112,PHI
8479525,Ross Colton,0.14595570889527903,112,COL
8477495,Seth Jones,0.1179636085339738,112,CHI
8475794,Tyler Seguin,0.2717914161090705,112,DAL
8482124,Quinton Byfield,0.28178299593607725,111,LAK
8478055,Gustav Forsling,0.049679200942312166,111,FLA
8475799,Nino Niederreiter,0.17093909009478908,111,WPG
8473422,Nick Foligno,0.3474267539345751,110,CHI
8474586,Jordan Eberle,0.15023933225360311,110,SEA
8480797,Joel Farabee,0.3775098140166137,110,PHI
8482055,Drew O'Connor,0.07803439501226568,110,PIT
8476875,Mike Matheson,0.07792583320294383,110,MTL
8477498,Darnell Nurse,0.37845698953515183,109,EDM
8480023,Robert Thomas,0.2567917555451053,108,STL
8475158,Ryan O'Reilly,0.3762147142668764,108,NSH
8482259,Bobby McMann,-0.03414781444049888,108,TOR
8475170,Brayden Schenn,0.04119099689560395,108,STL
8481580,Connor McMichael,0.16399630281230396,107,WSH
8479591,Michael Eyssimont,0.25888061490840697,107,TBL
8481624,Ilya Mikheyev,0.2241182629185431,107,VAN
8476958,Jaccob Slavin,0.2500270460324261,107,CAR
8479323,Adam Fox,0.1015007703484979,107,NYR
8478397,Rasmus Andersson,0.089780489374993,107,CGY
8480018,Nick Suzuki,0.2050253729395702,106,MTL
8475287,Erik Haula,-0.13103512256185587,106,NJD
8478401,Pavel Zacha,0.21459876881973802,106,BOS
8477451,Ryan Hartman,0.24707919387789684,106,MIN
8482705,Cole Sillinger,-0.06466298184386457,105,CBJ
8475745,Charlie Coyle,0.3662654995764884,105,BOS
8482146,Luke Evangelista,0.2667449830445586,104,NSH
8482079,Marco Rossi,0.32941205697116754,104,MIN
8475218,Mattias Ekholm,0.20386906157746598,104,EDM
8482155,Alex Laferriere,0.14590541859090705,104,LAK
8480830,Andrei Svechnikov,0.1793768857562842,103,CAR
8479425,Filip Hronek,0.3331936694584513,103,VAN
8480009,Eeli Tolvanen,0.17856726763529504,102,SEA
8476456,Jonathan Huberdeau,0.3465730926829954,101,CGY
8476892,Colton Parayko,0.20029361268927448,101,STL
8476826,Yanni Gourde,0.11961367995523106,101,SEA
8474563,Drew Doughty,0.45863712088371184,100,LAK
8479325,Charlie McAvoy,0.18142689309984703,100,BOS
8479400,Pierre-Luc Dubois,0.20283759210705427,100,LAK
8476460,Mark Scheifele,0.35933705262747523,99,WPG
8474679,Gustav Nyquist,0.3493707991868534,99,NSH
8476885,Jacob Trouba,0.1699049765728467,98,NYR
8481542,Moritz Seider,0.29289437031873417,97,DET
8481581,Thomas Harley,0.3197262193890429,97,DAL
8482157,Will Cuylle,0.24006944268395228,97,NYR
8476469,Joel Armia,0.034187243364946246,97,MTL
8478472,Mathieu Joseph,0.0996468792593251,96,OTT
8479999,Casey Mittelstadt,0.3012024297857221,96,COL
8482720,Matthew Knies,0.25664569610921173,96,TOR
8479987,Morgan Geekie,0.26924925125789956,96,BOS
8479999,Casey Mittelstadt,0.3012024297857221,96,BUF
8476792,Torey Krug,-0.02313504344773631,95,STL
8475200,Dmitry Orlov,0.07497534111391507,95,CAR
8474141,Patrick Kane,0.002999988000071957,95,DET
8478519,Anthony Cirelli,0.3950645689039867,95,TBL
8477948,Travis Sanheim,0.1888479424470483,93,PHI
8476438,Brandon Saad,0.1483713653091918,92,STL
8476918,Jimmy Vesey,0.21773597648283233,92,NYR
8476881,Tomas Hertl,0.27328866887307485,91,SJS
8476881,Tomas Hertl,0.27328866887307485,91,VGK
8476463,Jonas Brodin,0.1921002193071544,91,MIN
8482745,Mason McTavish,0.2808531323517689,91,ANA
8476346,Johnny Gaudreau,0.26339297131628303,90,CBJ
8476981,Josh Anderson,0.295762387693659,90,MTL
8482667,William Eklund,0.385507610685219,90,SJS
8477987,Ryan Donato,0.3227486121839515,90,CHI
8476312,Josh Manson,0.18012478337720544,90,COL
8471685,Anze Kopitar,0.09921699781314051,89,LAK
8475763,Kevin Hayes,0.3392877318171191,89,STL
8479365,Trent Frederic,0.21188443463901527,89,BOS
8482110,Dawson Mercer,0.2747639509949459,89,NJD
8483515,Juraj Slafkovsky,0.4123795817689907,88,MTL
8473533,Jordan Staal,0.21041463233296537,87,CAR
8482665,Matty Beniers,0.24085576259489275,87,SEA
8477450,Jason Dickinson,0.10780675225987538,87,CHI
8477964,Ivan Barbashev,0.011361569211309614,87,VGK
8478462,Nicolas Roy,0.05133570191803325,86,VGK
8481028,Martin Pospisil,0.09365902549151063,86,CGY
8482089,Jake Neighbours,0.13414693733878752,86,STL
8475768,Jaden Schwartz,0.1553318066384945,86,SEA
8481535,Nils Hoglander,-0.050185006150796296,85,VAN
8480064,Josh Norris,0.13277257854020993,85,OTT
8478469,Thomas Chabot,0.3816031569832676,85,OTT
8481656,Aliaksei Protas,0.15598455037771158,85,WSH
8480145,Neal Pionk,0.23139111542994217,85,WPG
8480798,Philipp Kurashev,0.5551176099549275,85,CHI
8476458,Ryan Strome,0.2503370106833111,85,ANA
8480028,Morgan Frost,0.33166938169595767,84,PHI
8479983,Mario Ferraro,0.46364937314997723,84,SJS
8482671,Owen Power,0.17496355305594133,84,BUF
8481546,Cam York,0.17788840948547427,84,PHI
8481716,Dmitri Voronkov,0.22977078316142097,84,CBJ
8480185,Eetu Luostarinen,0.17597748388940693,84,FLA
8474565,Alex Pietrangelo,0.0,84,VGK
8475798,Mikael Granlund,0.042406935605712466,83,SJS
8476925,Colton Sissons,0.14496889185544243,83,NSH
8482149,Cole Perfetti,0.21256884357002737,83,WPG
8478115,Pierre Engvall,0.1905039418872322,83,NYI
8483808,Andrei Kuzmenko,0.21657889852384812,82,CGY
8476902,Esa Lindell,0.007789318043251654,82,DAL
8478233,Andrew Mangiapane,-0.03021339598389621,82,CGY
8483808,Andrei Kuzmenko,0.21657889852384812,82,VAN
8480829,Jesperi Kotkaniemi,0.13132265754411618,81,CAR
8478407,Vince Dunn,0.16434416022785941,81,SEA
8477429,Andrew Copp,-0.09061779828407697,81,DET
8479359,Beck Malenstyn,-0.14425898228692483,81,WSH
8478013,Jake Walman,0.26337248503469995,81,DET
8476457,Adam Larsson,0.42365765249518267,81,SEA
8475753,Justin Faulk,0.4082639877707642,81,STL
8477969,Marcus Pettersson,0.3474424409143305,81,PIT
8480113,Alex Iafallo,0.18959704077713352,80,WPG
8477476,Artturi Lehkonen,0.17651618198059316,80,COL
8482073,Braden Schneider,0.052263274330322906,79,NYR
8477456,J.T. Compher,0.22755092105232733,79,DET
8482684,Luke Hughes,0.05108811412463316,79,NJD
8482125,Alexander Holtz,0.24701286122105146,79,NJD
8475848,Brendan Gallagher,0.012271464199658811,79,MTL
8478891,Mason Appleton,-0.11181842520378177,78,WPG
8480068,Ryan Poehling,-0.01848448107183259,78,PHI
8481596,Shane Pinto,0.1413920045424545,78,OTT
8473986,Alex Killorn,0.4599143191957427,78,ANA
8479992,Michael Rasmussen,0.21172892979072686,77,DET
8477932,Aaron Ekblad,0.3514219417066859,77,FLA
8480459,Pius Suter,0.14579460945600609,77,VAN
8482122,Brock Faber,0.1668722023833704,77,MIN
8471698,T.J. Oshie,0.014286785388493511,77,WSH
8480817,K'Andre Miller,0.13621844200332126,75,NYR
8481604,Pavel Dorofeyev,0.06734009573154955,75,VGK
8476467,Jamie Oleksiak,0.18824837927591018,75,SEA
8482092,Ridly Greig,0.17450987923047978,75,OTT
8480074,Alexandre Texier,0.14322832843744854,75,CBJ
8478882,Vladislav Gavrikov,0.07077560594724024,75,LAK
8484166,Adam Fantilli,0.2705018380614424,75,CBJ
8477952,Robby Fabbri,0.1280672476687502,74,DET
8476372,Nick Seeler,-0.06783689006710399,74,PHI
8476854,Hampus Lindholm,0.15818332310609487,74,BOS
8480835,Jack Drury,-0.041499441361994356,74,CAR
8484153,Leo Carlsson,0.5469453060991263,74,ANA
8481014,Alexander Romanov,-0.04447952370027213,74,NYI
8475764,Cam Fowler,0.1515294127325456,73,ANA
8482475,Yegor Chinakhov,0.17403078528819352,72,CBJ
8481560,Arthur Kaliyev,0.30987649672642703,72,LAK
8476419,Jean-Gabriel Pageau,0.029012942659282986,72,NYI
8478413,Jordan Greenway,0.025058072087536715,72,BUF
8474574,Tyler Myers,0.25252550097426424,72,VAN
8475744,Evgeny Kuznetsov,0.19999999999999998,72,CAR
8478840,Will Borgen,0.22562396774183127,72,SEA
8476392,Adam Lowry,0.20487165964385382,72,WPG
8480281,Alexey Toropchenko,0.2903929746936396,72,STL
8475744,Evgeny Kuznetsov,0.19999999999999998,72,WSH
8478178,Darren Raddysh,-0.014153462926807412,72,TBL
8484145,Zach Benson,0.2403879592085227,71,BUF
8475913,Mark Stone,0.12821892839733537,71,VGK
8475279,Ben Chiarot,0.11562895222899726,71,DET
8478500,Ivan Provorov,-0.008372547629611812,71,CBJ
8479316,Luke Kunin,-0.015515275574530878,71,SJS
8479980,Nicolas Hague,0.09018882655514646,70,VGK
8476374,Sean Kuraly,0.15625709811663716,70,CBJ
8476927,Teddy Blueger,0.08167914637852536,70,VAN
8481789,Tye Kartye,0.16582919430365237,69,SEA
8475790,Erik Gudbranson,0.11170801428324108,69,CBJ
8481554,Kaapo Kakko,0.2830889839296111,69,NYR
8482074,Connor Zary,0.30459298421879805,69,CGY
8477447,Shea Theodore,0.24356137348823592,69,VGK
8478438,Tommy Novak,0.19570925475147216,68,NSH
8475714,Calle Jarnkrok,0.12388755939044406,68,TOR
8481582,Nicholas Robertson,0.1763778812072575,67,TOR
8477380,Jonny Brodzinski,0.02689921246846287,67,NYR
8473507,Jeff Petry,0.33263969772609203,66,DET
8475149,Marcus Johansson,0.12396832587949752,66,MIN
8476292,Ondrej Palat,0.39297267585758583,66,NJD
8477506,Ryan Pulock,0.22263780490101515,65,NYI
8482062,Cole Smith,0.1508422997401518,65,NSH
8478859,Niko Mikkola,0.1266030919334735,65,FLA
8481524,Bowen Byram,0.23639228041627677,64,BUF
8477919,Frederick Gaudreau,0.03603896863699031,64,MIN
8481524,Bowen Byram,0.23639228041627677,64,COL
8475188,Brayden McNabb,0.3541954947925957,63,VGK
8479998,Mikey Anderson,0.29724005172864637,63,LAK
8479336,Carl Grundstrom,0.14242238909566102,63,LAK
8477903,Garnet Hathaway,0.06233141374003422,63,PHI
8477435,Ryan Graves,0.11098069896392795,63,PIT
8478468,Jeremy Lauzon,0.3277409112125908,63,NSH
8479398,Samuel Girard,0.021832316252600938,63,COL
8480144,David Kampf,-0.13532125887406415,62,TOR
8481032,Paul Cotter,0.30190294400809725,62,VGK
8480802,Ryan McLeod,0.36892546572972407,61,EDM
8483466,Kevin Korchinski,0.16201560913491642,61,CHI
8477845,Trevor van Riemsdyk,0.3834833663040758,60,WSH
8480014,Gabriel Vilardi,0.4127769902600772,60,WPG
8482087,Kaiden Guhle,-0.044893312252727496,60,MTL
8480813,Joe Veleno,-0.03223356259467381,60,DET
8476967,Brett Kulak,0.15877926318879051,59,EDM
8480035,Henri Jokiharju,0.14586385801568763,59,BUF
8478133,Jake Evans,0.19148813170150164,58,MTL
8478443,Brandon Carlo,0.20980427397385154,58,BOS
8476879,Cody Ceci,0.2308076589272511,58,EDM
8477335,Kyle Burroughs,0.21020510512616808,58,SJS
8476923,Damon Severson,0.20671119991622555,58,CBJ
8474568,Luke Schenn,0.05645969130397185,57,NSH
8483490,Pavel Mintyukov,0.37838331970966194,57,ANA
8478057,Dakota Joshua,-0.23671372983694083,57,VAN
8474151,Ryan McDonagh,0.10928568076913739,57,NSH
8477446,Michael McCarron,0.06709951129499586,57,NSH
8477444,Andre Burakovsky,0.18330429675611348,57,SEA
8480873,Rasmus Sandin,0.18238514365717404,57,WSH
8476931,Jake McCabe,-0.0028729494514855357,56,TOR
8476480,Vladislav Namestnikov,0.025482359571881302,56,WPG
8476889,Radek Faksa,0.11748052025924269,56,DAL
8479996,Cody Glass,0.42026325620835125,55,NSH
8479941,Justin Danforth,0.18092122644293207,55,CBJ
8475324,Nick Jensen,0.06533920302186044,55,WSH
8475793,Ryan Johansen,0.01714733703242967,55,COL
8479324,Ryan Lindgren,0.24678641249527372,54,NYR
8478970,Jalen Chatfield,0.2120414572975722,54,CAR
8479353,Brett Howden,0.2557107127473838,53,VGK
8480289,Morgan Barron,0.08490846165962856,53,WPG
8476462,Dougie Hamilton,0.1887595113400095,53,NJD
8475855,Jesper Fast,0.19941570486923724,52,CAR
8475231,Casey Cizikas,0.09914281547590578,52,NYI
8474149,Evgenii Dadonov,0.3511357124105866,51,DAL
8477220,Nate Schmidt,0.18207948842858943,51,WPG
8481618,Alex Newhook,0.20552707683014632,51,MTL
8478136,Jake Middleton,0.3122355511893598,51,MIN
8475462,Radko Gudas,0.14283305430746365,51,ANA
8482655,J.J. Moser,0.247679632874373,51,ARI
8475343,Nic Dowd,-0.07419290502442467,50,WSH
8481186,Logan O'Connor,0.20465780403866032,50,COL
8481477,Nico Sturm,0.16930909121789062,50,SJS
8476822,Luke Glendening,0.1540294326516486,50,TBL
8474567,Zach Bogosian,0.36254395396879885,49,TBL
8474567,Zach Bogosian,0.36254395396879885,49,MIN
8471709,Marc-Edouard Vlasic,0.12859827579527092,49,SJS
8480220,Noah Cates,0.17857434876715206,49,PHI
8480796,Martin Fehervary,0.17701462090297523,49,WSH
8478434,Keegan Kolesar,0.07525766947068777,49,VGK
8476331,Dylan DeMelo,0.09355527523089073,49,WPG
8481568,Alex Vlasic,0.27101318484491355,49,CHI
8476897,Oskar Sundqvist,0.2252467866190137,49,STL
8481601,Simon Holmstrom,-0.039629696195060855,49,NYI
8477018,Ben Hutton,0.09211323729436767,49,VGK
8476917,Adam Pelech,0.14545810210475946,48,NYI
8475181,Nick Leddy,0.19898694091972766,48,STL
8477365,Connor Clifton,0.2337425003572529,48,BUF
8481606,Jordan Spence,0.26256823049026756,47,LAK
8476624,Barclay Goodrow,0.09474840410724358,47,NYR
8481522,Peyton Krebs,0.24498396734617972,46,BUF
8482245,Artem Zub,2.7805994504805536e-17,46,OTT
8480043,Timothy Liljegren,0.1973645770285301,46,TOR
8478569,Noel Acciari,0.1607966305460208,45,PIT
8479671,Mathieu Olivier,0.07558009976687173,45,CBJ
8477508,Curtis Lazar,0.2911701737235007,45,NJD
8482660,Kent Johnson,0.3716555581197174,44,CBJ
8480246,Nick Perbix,0.22461798191724403,44,TBL
8475208,Brian Dumoulin,0.24836151874291945,44,SEA
8480980,Connor Dewar,-0.03282681492835281,44,TOR
8480860,Kevin Bahl,0.19861800768944587,44,NJD
8480848,Ty Dellandrea,-0.09016696346674322,44,DAL
8480980,Connor Dewar,-0.03282681492835281,44,MIN
8478399,Jonas Siegenthaler,-0.057597198540392816,44,NJD
8481533,Trevor Zegras,0.5985235865397378,43,ANA
8479414,Nathan Bastian,0.1918876531626151,43,NJD
8483495,Simon Nemec,0.11948222762921115,43,NJD
8479293,Brandon Tanev,0.30348848933344197,42,SEA
8480049,Dylan Samberg,0.35615130935589007,42,WPG
8477473,Justin Bailey,0.2875543426902121,42,SJS
8480355,Mark Kastelic,-0.20195539066694188,41,OTT
8480172,Jan Rutta,0.11563076380273751,40,SJS
8479661,Tanner Jeannot,0.20942695414584772,40,TBL
8477947,Sonny Milano,0.08253207654766863,40,WSH
8482097,Jack Quinn,-1.483597921805437e-17,38,BUF
8479371,Dante Fabbro,0.0519505884121021,38,NSH
8481122,Simon Benoit,-0.08206692108879614,38,TOR
8480995,Pontus Holmberg,-0.07028415570351058,38,TOR
8478416,Erik Cernak,0.050872266872294854,37,TBL
8476874,Olli Maatta,0.11140764611184784,37,DET
8480807,Mattias Samuelsson,0.15089035470781992,37,BUF
8481605,Jackson LaCombe,0.1808166699588133,36,ANA
8481178,Egor Zamula,0.0732180463538907,36,PHI
8480871,Adam Boqvist,0.21494931624955171,36,CBJ
8475233,David Savard,0.15618578049820656,36,MTL
8477839,Conor Sheary,-0.23095958560846844,35,TBL
8475220,Marcus Foligno,0.19325517063098152,35,MIN
8480727,Zach Whitecloud,0.027739277720775238,35,VGK
8480879,Jacob Bernard-Docker,0.125,34,OTT
8481708,Zac Jones,0.08061218782727024,34,NYR
8482624,Daniil Miromanov,-0.11019463300386792,34,VGK
8482624,Daniil Miromanov,-0.11019463300386792,34,CGY
8476473,Connor Murphy,0.20818889382373693,34,CHI
8475235,Nicolas Deslauriers,0.1420469918725141,33,PHI
8480880,Jakub Lauko,0.17244970890283884,33,BOS
8477499,Rasmus Ristolainen,0.4289236260492609,33,PHI
8482133,Thomas Bordeleau,0.22144409528221715,33,SJS
8481537,Nikita Okhotiuk,0.18569279875362377,33,SJS
8481537,Nikita Okhotiuk,0.18569279875362377,33,CGY
8476873,Mark Jankowski,0.17702833484793148,33,NSH
8482077,Dylan Holloway,0.03022817708791717,32,EDM
8476858,Phillip Di Giuseppe,0.14483383366142658,31,VAN
8483505,Matthew Poitras,0.05407380704358744,31,BOS
8479968,Vinni Lettieri,0.07969127777259154,31,MIN
8477527,Ross Johnston,0.2451982386891004,31,ANA
8474612,Travis Hamonic,0.08506602038689198,31,OTT
8481167,Brayden Pachal,0.23287856208158783,30,VGK
8480011,Klim Kostin,0.10243903446286298,30,DET
8480011,Klim Kostin,0.10243903446286298,30,SJS
8481167,Brayden Pachal,0.23287856208158783,30,CGY
8476960,Andreas Athanasiou,0.24806946917841702,30,CHI
8478585,Derek Ryan,0.09335454092880797,29,EDM
8482964,Arber Xhekaj,0.1691012825661662,29,MTL
8478211,Dryden Hunt,0.09972767893423541,29,CGY
8477971,Andreas Englund,0.23849414662142362,29,LAK
8480192,Johnathan Kovacevic,0.15019658077178885,28,MTL
8480789,Oliver Wahlstrom,-0.04292398989303269,28,NYI
8482702,Logan Stankoven,0.2971334519846062,28,DAL
8482511,Mason Lohrei,0.4157485898378408,28,BOS
8481567,Henry Thrun,0.2556896087358144,28,SJS
8481556,John Beecher,0.06232502388407516,28,BOS
8479344,Jesse Puljujarvi,0.25548806515379807,25,PIT
8479638,Justin Brazeau,-0.24544034683690805,25,BOS
8477392,Hudson Fasching,-0.0032017094007364276,25,NYI
8475750,Jon Merrill,0.06407097870320744,25,MIN
8482803,Olen Zellweger,0.18184824186332704,25,ANA
8481541,Samuel Bolduc,0.24759378423606906,24,NYI
8479369,Andrew Peeke,0.01522862259682932,24,BOS
8479369,Andrew Peeke,0.01522862259682932,24,CBJ
8479379,Givani Smith,0.014908445104021787,23,SJS
8482142,Jamie Drysdale,0.07208884773680105,23,ANA
8476429,Scott Mayfield,-0.042601432284230495,23,NYI
8482142,Jamie Drysdale,0.07208884773680105,23,PHI
8481527,Kaedan Korczak,0.1761053175179594,23,VGK
8475958,Michael Sgarbossa,0.38659300106392996,23,WSH
8477573,Nathan Walker,0.07692442360381205,22,STL
8480806,Isac Lundestrom,0.05193350783021288,22,ANA
8479328,Julien Gauthier,-0.1464896838272619,22,NYI
8478450,Parker Wotherspoon,-0.09332773598991362,22,BOS
8482652,Walker Duehr,-0.058446561460534945,21,CGY
8477989,Christian Dvorak,0.14273829330008253,21,MTL
8471817,Ryan Reaves,-0.07379900741002549,21,TOR
8479981,Jonah Gadjovich,0.08366890787425862,20,FLA
8481059,Scott Perunovich,-0.03893232145219044,20,STL
8480990,Declan Chisholm,0.20552707683014623,20,WPG
8479982,Conor Timmins,-0.05555555555555556,20,TOR
8482070,Mitchell Chaffee,0.5258975685622196,20,TBL
8480990,Declan Chisholm,0.20552707683014623,20,MIN
8484258,Sam Malinski,0.06523280730534421,19,COL
8481237,Kyle MacLean,-0.4873748522188466,19,NYI
8478454,Noah Juulsen,0.32264516903427604,19,VAN
8481093,Rafael Harvey-Pinard,0.296324852142201,19,MTL
8477962,Brendan Lemieux,0.5095246653650679,19,CAR
8478451,Ethan Bear,-0.2727959784275005,19,WSH
8479543,Michael Pezzetta,-0.18929799651846663,18,MTL
8480887,Jordan Harris,0.2674596295992099,18,MTL
8480007,Jonas Rondbjerg,0.33541019662496846,18,VGK
8482730,Brandt Clarke,0.5757201004700226,17,LAK
8477369,Carson Soucy,0.27519839688976305,17,VAN
8479378,Logan Stanley,-0.21463235182628462,17,WPG
8479291,Kevin Rooney,0.2009212603717009,17,CGY
8480834,Ty Emberson,0.4819992036541476,17,SJS
8481019,David Gustafsson,-0.20777923958610894,17,WPG
8480845,Rasmus Kupari,0.3595159254890833,17,WPG
8480823,Alexander Alexeyev,0.031827327735085835,17,WSH
8480078,Filip Chytil,0.19802950859533486,17,NYR
8475780,Chris Wagner,0.05590169943749474,16,COL
8480084,Nick DeSimone,0.4647380452683239,15,CGY
8477810,Joel Hanley,0.21334996433773584,15,DAL
8477810,Joel Hanley,0.21334996433773584,15,CGY
8480084,Nick DeSimone,0.4647380452683239,15,NJD
8479536,Axel Jonsson-Fjallby,-0.45853026072441505,14,WPG
8481206,John Ludvig,0.12596733145955472,14,PIT
8482153,Brendan Brisson,0.5160468465421401,14,VGK
8474716,Jared Spurgeon,0.2631174057921088,14,MIN
8476934,Brock McGinn,0.0,14,ANA
8482496,Nils Aman,0.08533998573509434,13,VAN
8481617,Vasily Podkolzin,0.37116090401154417,13,VAN
8481006,Tyler Tucker,0.15309310892394867,12,STL
8476442,Matt Nieto,-0.42013487976039715,12,PIT
8475791,Taylor Hall,-0.046829290579084706,12,CHI
8482460,Matt Rempe,-0.07384147008606406,11,NYR
8479772,Zack MacEwen,0.1976934175396371,10,OTT
8481543,Nikita Alexandrov,0.10846522890932812,10,STL
8473563,Nicklas Backstrom,0.7579367289598672,9,WSH
8477073,Kurtis MacDermid,-0.14433756729740652,9,COL
8482172,Landon Slaggert,0.3139929128113796,9,CHI
8476988,Matt Benning,-0.043033148291193514,9,SJS
8477073,Kurtis MacDermid,-0.14433756729740652,9,NJD
8479421,Jacob Moverare,0.4941586780284728,8,LAK
8482762,Simon Edvinsson,0.170940864689457,8,DET
8484304,Uvis Balinskis,0.529150262212918,8,FLA
8482470,Ilya Solovyov,0.5960395606792697,8,CGY
8475718,Justin Holl,0.14962355199001454,8,DET
8479367,William Lockwood,-0.4082482904638631,8,FLA
8480070,Ian Mitchell,0.4082482904638631,8,BOS
8482713,Mackie Samoskevich,,7,FLA
8474053,Logan Couture,-0.4082482904638631,7,SJS
8478017,Mark Friedman,0.14677381643702453,7,VAN
8482747,Brennan Othmann,-0.9819805060619657,6,NYR
8482177,Marat Khusnutdinov,0.3587804401793932,6,MIN
8481726,Adam Edstrom,0.37796447300922725,5,NYR
8477887,Patrick Brown,0.2526455763199557,5,BOS
8482118,Sam Colangelo,-1.0,5,ANA
8480844,Grigori Denisenko,0.0,5,VGK
8483499,Liam Ohgren,,4,MIN
8481598,Philip Broberg,-0.6324555320336761,4,EDM
8483395,Arshdeep Bains,-0.5095246653650681,4,VAN
8482666,Scott Morrow,,3,CAR
8483567,Georgii Merkulov,,3,BOS
8481534,Raphael Lavoie,0.8703882797784891,3,EDM
8481518,Nolan Foote,,3,NJD
8481024,Linus Karlsson,,3,VAN
8483445,Cutter Gauthier,,3,ANA
8484911,Collin Graf,,3,SJS
8481462,Mason Morelli,0.3749999999999999,3,VGK
8483493,Frank Nazar,,2,CHI
8483397,Marc McLaughlin,,2,BOS
8481016,Ruslan Iskhakov,,2,NYI
8479348,Kale Clague,0.5,2,BUF
8475755,Alexander Petrovic,,2,DAL
8482145,Mavrik Bourque,,2,DAL
8482147,Jean-Luc Foudy,,2,COL
8481600,Tobias Bjornfot,-0.3333333333333333,1,FLA
8483457,Lane Hutson,,1,MTL
8482067,Connor Mackey,,1,NYR
8481600,Tobias Bjornfot,-0.3333333333333333,1,VGK
8477320,Anton Blidh,,1,NYR
8481600,Tobias Bjornfot,-0.3333333333333333,1,LAK
8482634,Alex Steeves,,1,TOR
8483546,Marshall Rifai,,1,TOR
8482088,Justin Sourdif,,1,FLA
8483407,Brandon Scanlin,,0,NYR
8480274,Philip Kemp,,0,EDM
8479991,Jake Leschyshyn,,0,NYR
8481523,Kirby Dach,,0,MTL
8484149,Gavin Brindley,,0,CBJ
